{"info":{"name":"00000405","id":"","text":"Czech"},"mapping":{"KeyA":{"vkey":"VK_A","value":"a","withShift":"A"},"KeyB":{"vkey":"VK_B","value":"b","withShift":"B","withAltGr":"{"},"KeyC":{"vkey":"VK_C","value":"c","withShift":"C","withAltGr":"&"},"KeyD":{"vkey":"VK_D","value":"d","withShift":"D","withAltGr":"Đ"},"KeyE":{"vkey":"VK_E","value":"e","withShift":"E","withAltGr":"€"},"KeyF":{"vkey":"VK_F","value":"f","withShift":"F","withAltGr":"["},"KeyG":{"vkey":"VK_G","value":"g","withShift":"G","withAltGr":"]"},"KeyH":{"vkey":"VK_H","value":"h","withShift":"H"},"KeyI":{"vkey":"VK_I","value":"i","withShift":"I"},"KeyJ":{"vkey":"VK_J","value":"j","withShift":"J"},"KeyK":{"vkey":"VK_K","value":"k","withShift":"K","withAltGr":"ł"},"KeyL":{"vkey":"VK_L","value":"l","withShift":"L","withAltGr":"Ł"},"KeyM":{"vkey":"VK_M","value":"m","withShift":"M"},"KeyN":{"vkey":"VK_N","value":"n","withShift":"N","withAltGr":"}"},"KeyO":{"vkey":"VK_O","value":"o","withShift":"O"},"KeyP":{"vkey":"VK_P","value":"p","withShift":"P"},"KeyQ":{"vkey":"VK_Q","value":"q","withShift":"Q","withAltGr":"\\"},"KeyR":{"vkey":"VK_R","value":"r","withShift":"R"},"KeyS":{"vkey":"VK_S","value":"s","withShift":"S","withAltGr":"đ"},"KeyT":{"vkey":"VK_T","value":"t","withShift":"T"},"KeyU":{"vkey":"VK_U","value":"u","withShift":"U"},"KeyV":{"vkey":"VK_V","value":"v","withShift":"V","withAltGr":"@"},"KeyW":{"vkey":"VK_W","value":"w","withShift":"W","withAltGr":"|"},"KeyX":{"vkey":"VK_X","value":"x","withShift":"X","withAltGr":"#"},"KeyY":{"vkey":"VK_Z","value":"z","withShift":"Z"},"KeyZ":{"vkey":"VK_Y","value":"y","withShift":"Y"},"Digit1":{"vkey":"VK_1","value":"+","withShift":"1","withAltGr":"~"},"Digit2":{"vkey":"VK_2","value":"ě","withShift":"2","withAltGr":"ˇ"},"Digit3":{"vkey":"VK_3","value":"š","withShift":"3","withAltGr":"^"},"Digit4":{"vkey":"VK_4","value":"č","withShift":"4","withAltGr":"˘"},"Digit5":{"vkey":"VK_5","value":"ř","withShift":"5","withAltGr":"°"},"Digit6":{"vkey":"VK_6","value":"ž","withShift":"6","withAltGr":"˛"},"Digit7":{"vkey":"VK_7","value":"ý","withShift":"7","withAltGr":"`"},"Digit8":{"vkey":"VK_8","value":"á","withShift":"8","withAltGr":"˙"},"Digit9":{"vkey":"VK_9","value":"í","withShift":"9","withAltGr":"´"},"Digit0":{"vkey":"VK_0","value":"é","withShift":"0","withAltGr":"˝"},"Minus":{"vkey":"VK_OEM_PLUS","value":"=","withShift":"%","withAltGr":"¨"},"Equal":{"vkey":"VK_OEM_2","value":"´","withShift":"ˇ","withAltGr":"¸"},"BracketLeft":{"vkey":"VK_OEM_4","value":"ú","withShift":"/","withAltGr":"÷"},"BracketRight":{"vkey":"VK_OEM_6","value":")","withShift":"(","withAltGr":"×"},"Backslash":{"vkey":"VK_OEM_5","value":"¨","withShift":"'","withAltGr":"¤"},"Semicolon":{"vkey":"VK_OEM_1","value":"ů","withShift":"\"","withAltGr":"$"},"Quote":{"vkey":"VK_OEM_7","value":"§","withShift":"!","withAltGr":"ß"},"Backquote":{"vkey":"VK_OEM_3","value":";","withShift":"°"},"Comma":{"vkey":"VK_OEM_COMMA","value":",","withShift":"?","withAltGr":"<"},"Period":{"vkey":"VK_OEM_PERIOD","value":".","withShift":":","withAltGr":">"},"Slash":{"vkey":"VK_OEM_MINUS","value":"-","withShift":"_","withAltGr":"*"},"IntlBackslash":{"vkey":"VK_OEM_102","value":"\\","withShift":"|"},"IntlRo":{"vkey":"VK_ABNT_C1"},"IntlYen":{"vkey":"VK_UNKNOWN"}}}