{"info":{"id":"com.apple.keylayout.Danish","lang":"da"},"mapping":{"KeyA":{"value":"a","withShift":"A","withAltGr":"ª","withShiftAltGr":"Ê"},"KeyB":{"value":"b","withShift":"B","withAltGr":"∫","withShiftAltGr":"Ë"},"KeyC":{"value":"c","withShift":"C","withAltGr":"ç","withShiftAltGr":"Ç"},"KeyD":{"value":"d","withShift":"D","withAltGr":"∂","withShiftAltGr":"˘"},"KeyE":{"value":"e","withShift":"E","withAltGr":"é","withShiftAltGr":"É"},"KeyF":{"value":"f","withShift":"F","withAltGr":"ƒ","withShiftAltGr":"ﬁ"},"KeyG":{"value":"g","withShift":"G","withAltGr":"©","withShiftAltGr":"Á"},"KeyH":{"value":"h","withShift":"H","withAltGr":"«","withShiftAltGr":"»"},"KeyI":{"value":"i","withShift":"I","withAltGr":"|","withShiftAltGr":"ı"},"KeyJ":{"value":"j","withShift":"J","withAltGr":"‹","withShiftAltGr":"›"},"KeyK":{"value":"k","withShift":"K","withAltGr":"∆","withShiftAltGr":"˝"},"KeyL":{"value":"l","withShift":"L","withAltGr":"¬","withShiftAltGr":"ﬂ"},"KeyM":{"value":"m","withShift":"M","withAltGr":"µ","withShiftAltGr":"˛"},"KeyN":{"value":"n","withShift":"N","withAltGr":"ñ","withShiftAltGr":"Ñ"},"KeyO":{"value":"o","withShift":"O","withAltGr":"œ","withShiftAltGr":"Œ"},"KeyP":{"value":"p","withShift":"P","withAltGr":"π","withShiftAltGr":"∏"},"KeyQ":{"value":"q","withShift":"Q","withAltGr":"°","withShiftAltGr":"•"},"KeyR":{"value":"r","withShift":"R","withAltGr":"®","withShiftAltGr":"Â"},"KeyS":{"value":"s","withShift":"S","withAltGr":"ß","withShiftAltGr":"ˇ"},"KeyT":{"value":"t","withShift":"T","withAltGr":"†","withShiftAltGr":"‡"},"KeyU":{"value":"u","withShift":"U","withAltGr":"ü","withShiftAltGr":"Ü"},"KeyV":{"value":"v","withShift":"V","withAltGr":"√","withShiftAltGr":"◊"},"KeyW":{"value":"w","withShift":"W","withAltGr":"∑","withShiftAltGr":"˚"},"KeyX":{"value":"x","withShift":"X","withAltGr":"…","withShiftAltGr":"˙"},"KeyY":{"value":"y","withShift":"Y","withAltGr":"¥","withShiftAltGr":"Ÿ"},"KeyZ":{"value":"z","withShift":"Z","withAltGr":"Ω","withShiftAltGr":"¸"},"Digit1":{"value":"1","withShift":"!","withAltGr":"¡","withShiftAltGr":"¯"},"Digit2":{"value":"2","withShift":"\"","withAltGr":"“","withShiftAltGr":"”"},"Digit3":{"value":"3","withShift":"#","withAltGr":"§","withShiftAltGr":"$"},"Digit4":{"value":"4","withShift":"€","withAltGr":"£","withShiftAltGr":"¢"},"Digit5":{"value":"5","withShift":"%","withAltGr":"∞","withShiftAltGr":"‰"},"Digit6":{"value":"6","withShift":"&","withAltGr":"™","withShiftAltGr":"˜"},"Digit7":{"value":"7","withShift":"/","withAltGr":"¶","withShiftAltGr":"\\"},"Digit8":{"value":"8","withShift":"(","withAltGr":"[","withShiftAltGr":"{"},"Digit9":{"value":"9","withShift":")","withAltGr":"]","withShiftAltGr":"}"},"Digit0":{"value":"0","withShift":"=","withAltGr":"≠","withShiftAltGr":"≈"},"Minus":{"value":"+","withShift":"?","withAltGr":"±","withShiftAltGr":"¿"},"Equal":{"value":"´","withShift":"`","withAltGr":"'","withShiftAltGr":"⁄"},"BracketLeft":{"value":"å","withShift":"Å","withAltGr":"‘","withShiftAltGr":"’"},"BracketRight":{"value":"¨","withShift":"^","withAltGr":"~","withShiftAltGr":"^"},"Backslash":{"value":"'","withShift":"*","withAltGr":"@","withShiftAltGr":"º"},"Semicolon":{"value":"æ","withShift":"Æ","withAltGr":"ä","withShiftAltGr":"Ä"},"Quote":{"value":"ø","withShift":"Ø","withAltGr":"ö","withShiftAltGr":"Ö"},"Backquote":{"value":"<","withShift":">","withAltGr":"≤","withShiftAltGr":"≥"},"Comma":{"value":",","withShift":";","withAltGr":"‚","withShiftAltGr":"„"},"Period":{"value":".","withShift":":","withAltGr":"·","withShiftAltGr":"÷"},"Slash":{"value":"-","withShift":"_","withAltGr":"–","withShiftAltGr":"—"},"IntlBackslash":{"value":"$","withShift":"§","withAltGr":"","withShiftAltGr":"'"}}}