{"info":{"id":"com.apple.keylayout.German","lang":"de"},"mapping":{"KeyA":{"value":"a","withShift":"A","withAltGr":"å","withShiftAltGr":"Å"},"KeyB":{"value":"b","withShift":"B","withAltGr":"∫","withShiftAltGr":"‹"},"KeyC":{"value":"c","withShift":"C","withAltGr":"ç","withShiftAltGr":"Ç"},"KeyD":{"value":"d","withShift":"D","withAltGr":"∂","withShiftAltGr":"™"},"KeyE":{"value":"e","withShift":"E","withAltGr":"€","withShiftAltGr":"‰"},"KeyF":{"value":"f","withShift":"F","withAltGr":"ƒ","withShiftAltGr":"Ï"},"KeyG":{"value":"g","withShift":"G","withAltGr":"©","withShiftAltGr":"Ì"},"KeyH":{"value":"h","withShift":"H","withAltGr":"ª","withShiftAltGr":"Ó"},"KeyI":{"value":"i","withShift":"I","withAltGr":"⁄","withShiftAltGr":"Û"},"KeyJ":{"value":"j","withShift":"J","withAltGr":"º","withShiftAltGr":"ı"},"KeyK":{"value":"k","withShift":"K","withAltGr":"∆","withShiftAltGr":"ˆ"},"KeyL":{"value":"l","withShift":"L","withAltGr":"@","withShiftAltGr":"ﬂ"},"KeyM":{"value":"m","withShift":"M","withAltGr":"µ","withShiftAltGr":"˘"},"KeyN":{"value":"n","withShift":"N","withAltGr":"~","withShiftAltGr":"›"},"KeyO":{"value":"o","withShift":"O","withAltGr":"ø","withShiftAltGr":"Ø"},"KeyP":{"value":"p","withShift":"P","withAltGr":"π","withShiftAltGr":"∏"},"KeyQ":{"value":"q","withShift":"Q","withAltGr":"«","withShiftAltGr":"»"},"KeyR":{"value":"r","withShift":"R","withAltGr":"®","withShiftAltGr":"¸"},"KeyS":{"value":"s","withShift":"S","withAltGr":"‚","withShiftAltGr":"Í"},"KeyT":{"value":"t","withShift":"T","withAltGr":"†","withShiftAltGr":"˝"},"KeyU":{"value":"u","withShift":"U","withAltGr":"¨","withShiftAltGr":"Á"},"KeyV":{"value":"v","withShift":"V","withAltGr":"√","withShiftAltGr":"◊"},"KeyW":{"value":"w","withShift":"W","withAltGr":"∑","withShiftAltGr":"„"},"KeyX":{"value":"x","withShift":"X","withAltGr":"≈","withShiftAltGr":"Ù"},"KeyY":{"value":"z","withShift":"Z","withAltGr":"Ω","withShiftAltGr":"ˇ"},"KeyZ":{"value":"y","withShift":"Y","withAltGr":"¥","withShiftAltGr":"‡"},"Digit1":{"value":"1","withShift":"!","withAltGr":"¡","withShiftAltGr":"¬"},"Digit2":{"value":"2","withShift":"\"","withAltGr":"“","withShiftAltGr":"”"},"Digit3":{"value":"3","withShift":"§","withAltGr":"¶","withShiftAltGr":"#"},"Digit4":{"value":"4","withShift":"$","withAltGr":"¢","withShiftAltGr":"£"},"Digit5":{"value":"5","withShift":"%","withAltGr":"[","withShiftAltGr":"ﬁ"},"Digit6":{"value":"6","withShift":"&","withAltGr":"]","withShiftAltGr":"^"},"Digit7":{"value":"7","withShift":"/","withAltGr":"|","withShiftAltGr":"\\"},"Digit8":{"value":"8","withShift":"(","withAltGr":"{","withShiftAltGr":"˜"},"Digit9":{"value":"9","withShift":")","withAltGr":"}","withShiftAltGr":"·"},"Digit0":{"value":"0","withShift":"=","withAltGr":"≠","withShiftAltGr":"¯"},"Minus":{"value":"ß","withShift":"?","withAltGr":"¿","withShiftAltGr":"˙"},"Equal":{"value":"´","withShift":"`","withAltGr":"'","withShiftAltGr":"˚"},"BracketLeft":{"value":"ü","withShift":"Ü","withAltGr":"•","withShiftAltGr":"°"},"BracketRight":{"value":"+","withShift":"*","withAltGr":"±","withShiftAltGr":""},"Backslash":{"value":"#","withShift":"'","withAltGr":"‘","withShiftAltGr":"’"},"Semicolon":{"value":"ö","withShift":"Ö","withAltGr":"œ","withShiftAltGr":"Œ"},"Quote":{"value":"ä","withShift":"Ä","withAltGr":"æ","withShiftAltGr":"Æ"},"Backquote":{"value":"<","withShift":">","withAltGr":"≤","withShiftAltGr":"≥"},"Comma":{"value":",","withShift":";","withAltGr":"∞","withShiftAltGr":"˛"},"Period":{"value":".","withShift":":","withAltGr":"…","withShiftAltGr":"÷"},"Slash":{"value":"-","withShift":"_","withAltGr":"–","withShiftAltGr":"—"},"IntlBackslash":{"value":"^","withShift":"°","withAltGr":"„","withShiftAltGr":"“"}}}