{"info":{"name":"00000807","id":"","text":"Swiss German"},"mapping":{"KeyA":{"vkey":"VK_A","value":"a","withShift":"A"},"KeyB":{"vkey":"VK_B","value":"b","withShift":"B"},"KeyC":{"vkey":"VK_C","value":"c","withShift":"C"},"KeyD":{"vkey":"VK_D","value":"d","withShift":"D"},"KeyE":{"vkey":"VK_E","value":"e","withShift":"E","withAltGr":"€"},"KeyF":{"vkey":"VK_F","value":"f","withShift":"F"},"KeyG":{"vkey":"VK_G","value":"g","withShift":"G"},"KeyH":{"vkey":"VK_H","value":"h","withShift":"H"},"KeyI":{"vkey":"VK_I","value":"i","withShift":"I"},"KeyJ":{"vkey":"VK_J","value":"j","withShift":"J"},"KeyK":{"vkey":"VK_K","value":"k","withShift":"K"},"KeyL":{"vkey":"VK_L","value":"l","withShift":"L"},"KeyM":{"vkey":"VK_M","value":"m","withShift":"M"},"KeyN":{"vkey":"VK_N","value":"n","withShift":"N"},"KeyO":{"vkey":"VK_O","value":"o","withShift":"O"},"KeyP":{"vkey":"VK_P","value":"p","withShift":"P"},"KeyQ":{"vkey":"VK_Q","value":"q","withShift":"Q"},"KeyR":{"vkey":"VK_R","value":"r","withShift":"R"},"KeyS":{"vkey":"VK_S","value":"s","withShift":"S"},"KeyT":{"vkey":"VK_T","value":"t","withShift":"T"},"KeyU":{"vkey":"VK_U","value":"u","withShift":"U"},"KeyV":{"vkey":"VK_V","value":"v","withShift":"V"},"KeyW":{"vkey":"VK_W","value":"w","withShift":"W"},"KeyX":{"vkey":"VK_X","value":"x","withShift":"X"},"KeyY":{"vkey":"VK_Z","value":"z","withShift":"Z"},"KeyZ":{"vkey":"VK_Y","value":"y","withShift":"Y"},"Digit1":{"vkey":"VK_1","value":"1","withShift":"+","withAltGr":"¦"},"Digit2":{"vkey":"VK_2","value":"2","withShift":"\"","withAltGr":"@"},"Digit3":{"vkey":"VK_3","value":"3","withShift":"*","withAltGr":"#"},"Digit4":{"vkey":"VK_4","value":"4","withShift":"ç","withAltGr":"°"},"Digit5":{"vkey":"VK_5","value":"5","withShift":"%","withAltGr":"§"},"Digit6":{"vkey":"VK_6","value":"6","withShift":"&","withAltGr":"¬"},"Digit7":{"vkey":"VK_7","value":"7","withShift":"/","withAltGr":"|"},"Digit8":{"vkey":"VK_8","value":"8","withShift":"(","withAltGr":"¢"},"Digit9":{"vkey":"VK_9","value":"9","withShift":")"},"Digit0":{"vkey":"VK_0","value":"0","withShift":"="},"Minus":{"vkey":"VK_OEM_4","value":"'","withShift":"?","withAltGr":"´"},"Equal":{"vkey":"VK_OEM_6","value":"^","withShift":"`","withAltGr":"~"},"BracketLeft":{"vkey":"VK_OEM_1","value":"ü","withShift":"è","withAltGr":"["},"BracketRight":{"vkey":"VK_OEM_3","value":"¨","withShift":"!","withAltGr":"]"},"Backslash":{"vkey":"VK_OEM_8","value":"$","withShift":"£","withAltGr":"}"},"Semicolon":{"vkey":"VK_OEM_7","value":"ö","withShift":"é"},"Quote":{"vkey":"VK_OEM_5","value":"ä","withShift":"à","withAltGr":"{"},"Backquote":{"vkey":"VK_OEM_2","value":"§","withShift":"°"},"Comma":{"vkey":"VK_OEM_COMMA","value":",","withShift":";"},"Period":{"vkey":"VK_OEM_PERIOD","value":".","withShift":":"},"Slash":{"vkey":"VK_OEM_MINUS","value":"-","withShift":"_"},"IntlBackslash":{"vkey":"VK_OEM_102","value":"<","withShift":">","withAltGr":"\\"},"IntlRo":{"vkey":"VK_ABNT_C1"},"IntlYen":{"vkey":"VK_UNKNOWN"}}}