{"info":{"id":"com.apple.keylayout.British","lang":"en"},"mapping":{"KeyA":{"value":"a","withShift":"A","withAltGr":"å","withShiftAltGr":"Å"},"KeyB":{"value":"b","withShift":"B","withAltGr":"∫","withShiftAltGr":"ı"},"KeyC":{"value":"c","withShift":"C","withAltGr":"ç","withShiftAltGr":"Ç"},"KeyD":{"value":"d","withShift":"D","withAltGr":"∂","withShiftAltGr":"Î"},"KeyE":{"value":"e","withShift":"E","withAltGr":"´","withShiftAltGr":"‰"},"KeyF":{"value":"f","withShift":"F","withAltGr":"ƒ","withShiftAltGr":"Ï"},"KeyG":{"value":"g","withShift":"G","withAltGr":"©","withShiftAltGr":"Ì"},"KeyH":{"value":"h","withShift":"H","withAltGr":"˙","withShiftAltGr":"Ó"},"KeyI":{"value":"i","withShift":"I","withAltGr":"^","withShiftAltGr":"È"},"KeyJ":{"value":"j","withShift":"J","withAltGr":"∆","withShiftAltGr":"Ô"},"KeyK":{"value":"k","withShift":"K","withAltGr":"˚","withShiftAltGr":""},"KeyL":{"value":"l","withShift":"L","withAltGr":"¬","withShiftAltGr":"Ò"},"KeyM":{"value":"m","withShift":"M","withAltGr":"µ","withShiftAltGr":"˜"},"KeyN":{"value":"n","withShift":"N","withAltGr":"~","withShiftAltGr":"ˆ"},"KeyO":{"value":"o","withShift":"O","withAltGr":"ø","withShiftAltGr":"Ø"},"KeyP":{"value":"p","withShift":"P","withAltGr":"π","withShiftAltGr":"∏"},"KeyQ":{"value":"q","withShift":"Q","withAltGr":"œ","withShiftAltGr":"Œ"},"KeyR":{"value":"r","withShift":"R","withAltGr":"®","withShiftAltGr":"Â"},"KeyS":{"value":"s","withShift":"S","withAltGr":"ß","withShiftAltGr":"Í"},"KeyT":{"value":"t","withShift":"T","withAltGr":"†","withShiftAltGr":"Ê"},"KeyU":{"value":"u","withShift":"U","withAltGr":"¨","withShiftAltGr":"Ë"},"KeyV":{"value":"v","withShift":"V","withAltGr":"√","withShiftAltGr":"◊"},"KeyW":{"value":"w","withShift":"W","withAltGr":"∑","withShiftAltGr":"„"},"KeyX":{"value":"x","withShift":"X","withAltGr":"≈","withShiftAltGr":"Ù"},"KeyY":{"value":"y","withShift":"Y","withAltGr":"¥","withShiftAltGr":"Á"},"KeyZ":{"value":"z","withShift":"Z","withAltGr":"Ω","withShiftAltGr":"Û"},"Digit1":{"value":"1","withShift":"!","withAltGr":"¡","withShiftAltGr":"⁄"},"Digit2":{"value":"2","withShift":"@","withAltGr":"€","withShiftAltGr":"™"},"Digit3":{"value":"3","withShift":"£","withAltGr":"#","withShiftAltGr":"‹"},"Digit4":{"value":"4","withShift":"$","withAltGr":"¢","withShiftAltGr":"›"},"Digit5":{"value":"5","withShift":"%","withAltGr":"∞","withShiftAltGr":"ﬁ"},"Digit6":{"value":"6","withShift":"^","withAltGr":"§","withShiftAltGr":"ﬂ"},"Digit7":{"value":"7","withShift":"&","withAltGr":"¶","withShiftAltGr":"‡"},"Digit8":{"value":"8","withShift":"*","withAltGr":"•","withShiftAltGr":"°"},"Digit9":{"value":"9","withShift":"(","withAltGr":"ª","withShiftAltGr":"·"},"Digit0":{"value":"0","withShift":")","withAltGr":"º","withShiftAltGr":"‚"},"Minus":{"value":"-","withShift":"_","withAltGr":"–","withShiftAltGr":"—"},"Equal":{"value":"=","withShift":"+","withAltGr":"≠","withShiftAltGr":"±"},"BracketLeft":{"value":"[","withShift":"{","withAltGr":"“","withShiftAltGr":"”"},"BracketRight":{"value":"]","withShift":"}","withAltGr":"‘","withShiftAltGr":"’"},"Backslash":{"value":"\\","withShift":"|","withAltGr":"«","withShiftAltGr":"»"},"Semicolon":{"value":";","withShift":":","withAltGr":"…","withShiftAltGr":"Ú"},"Quote":{"value":"'","withShift":"\"","withAltGr":"æ","withShiftAltGr":"Æ"},"Backquote":{"value":"`","withShift":"~","withAltGr":"`","withShiftAltGr":"Ÿ"},"Comma":{"value":",","withShift":"<","withAltGr":"≤","withShiftAltGr":"¯"},"Period":{"value":".","withShift":">","withAltGr":"≥","withShiftAltGr":"˘"},"Slash":{"value":"/","withShift":"?","withAltGr":"÷","withShiftAltGr":"¿"},"IntlBackslash":{"value":"§","withShift":"±"}}}