{"info":{"id":"com.apple.keylayout.Colemak","lang":"en"},"mapping":{"KeyA":{"value":"a","withShift":"A","withAltGr":"å","withShiftAltGr":"Å"},"KeyB":{"value":"b","withShift":"B","withAltGr":"∫","withShiftAltGr":"ı"},"KeyC":{"value":"c","withShift":"C","withAltGr":"ç","withShiftAltGr":"Ç"},"KeyD":{"value":"s","withShift":"S","withAltGr":"ß","withShiftAltGr":"Í"},"KeyE":{"value":"f","withShift":"F","withAltGr":"ƒ","withShiftAltGr":"Ï"},"KeyF":{"value":"t","withShift":"T","withAltGr":"†","withShiftAltGr":"ˇ"},"KeyG":{"value":"d","withShift":"D","withAltGr":"∂","withShiftAltGr":"Î"},"KeyH":{"value":"h","withShift":"H","withAltGr":"˙","withShiftAltGr":"Ó"},"KeyI":{"value":"u","withShift":"U","withAltGr":"¨","withShiftAltGr":"¨"},"KeyJ":{"value":"n","withShift":"N","withAltGr":"˜","withShiftAltGr":"˜"},"KeyK":{"value":"e","withShift":"E","withAltGr":"´","withShiftAltGr":"´"},"KeyL":{"value":"i","withShift":"I","withAltGr":"ˆ","withShiftAltGr":"ˆ"},"KeyM":{"value":"m","withShift":"M","withAltGr":"µ","withShiftAltGr":"Â"},"KeyN":{"value":"k","withShift":"K","withAltGr":"˚","withShiftAltGr":""},"KeyO":{"value":"y","withShift":"Y","withAltGr":"¥","withShiftAltGr":"Á"},"KeyP":{"value":";","withShift":":","withAltGr":"…","withShiftAltGr":"Ú"},"KeyQ":{"value":"q","withShift":"Q","withAltGr":"œ","withShiftAltGr":"Œ"},"KeyR":{"value":"p","withShift":"P","withAltGr":"π","withShiftAltGr":"∏"},"KeyS":{"value":"r","withShift":"R","withAltGr":"®","withShiftAltGr":"‰"},"KeyT":{"value":"g","withShift":"G","withAltGr":"©","withShiftAltGr":"˝"},"KeyU":{"value":"l","withShift":"L","withAltGr":"¬","withShiftAltGr":"Ò"},"KeyV":{"value":"v","withShift":"V","withAltGr":"√","withShiftAltGr":"◊"},"KeyW":{"value":"w","withShift":"W","withAltGr":"∑","withShiftAltGr":"„"},"KeyX":{"value":"x","withShift":"X","withAltGr":"≈","withShiftAltGr":"˛"},"KeyY":{"value":"j","withShift":"J","withAltGr":"∆","withShiftAltGr":"Ô"},"KeyZ":{"value":"z","withShift":"Z","withAltGr":"Ω","withShiftAltGr":"¸"},"Digit1":{"value":"1","withShift":"!","withAltGr":"¡","withShiftAltGr":"⁄"},"Digit2":{"value":"2","withShift":"@","withAltGr":"™","withShiftAltGr":"€"},"Digit3":{"value":"3","withShift":"#","withAltGr":"£","withShiftAltGr":"‹"},"Digit4":{"value":"4","withShift":"$","withAltGr":"¢","withShiftAltGr":"›"},"Digit5":{"value":"5","withShift":"%","withAltGr":"∞","withShiftAltGr":"ﬁ"},"Digit6":{"value":"6","withShift":"^","withAltGr":"§","withShiftAltGr":"ﬂ"},"Digit7":{"value":"7","withShift":"&","withAltGr":"¶","withShiftAltGr":"‡"},"Digit8":{"value":"8","withShift":"*","withAltGr":"•","withShiftAltGr":"°"},"Digit9":{"value":"9","withShift":"(","withAltGr":"ª","withShiftAltGr":"·"},"Digit0":{"value":"0","withShift":")","withAltGr":"º","withShiftAltGr":"‚"},"Minus":{"value":"-","withShift":"_","withAltGr":"–","withShiftAltGr":"—"},"Equal":{"value":"=","withShift":"+","withAltGr":"≠","withShiftAltGr":"±"},"BracketLeft":{"value":"[","withShift":"{","withAltGr":"“","withShiftAltGr":"”"},"BracketRight":{"value":"]","withShift":"}","withAltGr":"‘","withShiftAltGr":"’"},"Backslash":{"value":"\\","withShift":"|","withAltGr":"«","withShiftAltGr":"»"},"Semicolon":{"value":"o","withShift":"O","withAltGr":"ø","withShiftAltGr":"Ø"},"Quote":{"value":"'","withShift":"\"","withAltGr":"æ","withShiftAltGr":"Æ"},"Backquote":{"value":"`","withShift":"~","withAltGr":"`","withShiftAltGr":"`"},"Comma":{"value":",","withShift":"<","withAltGr":"≤","withShiftAltGr":"¯"},"Period":{"value":".","withShift":">","withAltGr":"≥","withShiftAltGr":"˘"},"Slash":{"value":"/","withShift":"?","withAltGr":"÷","withShiftAltGr":"¿"},"IntlBackslash":{"value":"§","withShift":"±","withAltGr":"§","withShiftAltGr":"±"}}}