{"info":{"id":"com.apple.keylayout.Dvorak","lang":"en"},"mapping":{"KeyA":{"value":"a","withShift":"A","withAltGr":"å","withShiftAltGr":"Å"},"KeyB":{"value":"x","withShift":"X","withAltGr":"≈","withShiftAltGr":"˛"},"KeyC":{"value":"j","withShift":"J","withAltGr":"∆","withShiftAltGr":"Ô"},"KeyD":{"value":"e","withShift":"E","withAltGr":"´","withShiftAltGr":"´"},"KeyE":{"value":".","withShift":">","withAltGr":"≥","withShiftAltGr":"˘"},"KeyF":{"value":"u","withShift":"U","withAltGr":"¨","withShiftAltGr":"¨"},"KeyG":{"value":"i","withShift":"I","withAltGr":"ˆ","withShiftAltGr":"ˆ"},"KeyH":{"value":"d","withShift":"D","withAltGr":"∂","withShiftAltGr":"Î"},"KeyI":{"value":"c","withShift":"C","withAltGr":"ç","withShiftAltGr":"Ç"},"KeyJ":{"value":"h","withShift":"H","withAltGr":"˙","withShiftAltGr":"Ó"},"KeyK":{"value":"t","withShift":"T","withAltGr":"†","withShiftAltGr":"ˇ"},"KeyL":{"value":"n","withShift":"N","withAltGr":"˜","withShiftAltGr":"˜"},"KeyM":{"value":"m","withShift":"M","withAltGr":"µ","withShiftAltGr":"Â"},"KeyN":{"value":"b","withShift":"B","withAltGr":"∫","withShiftAltGr":"ı"},"KeyO":{"value":"r","withShift":"R","withAltGr":"®","withShiftAltGr":"‰"},"KeyP":{"value":"l","withShift":"L","withAltGr":"¬","withShiftAltGr":"Ò"},"KeyQ":{"value":"'","withShift":"\"","withAltGr":"æ","withShiftAltGr":"Æ"},"KeyR":{"value":"p","withShift":"P","withAltGr":"π","withShiftAltGr":"∏"},"KeyS":{"value":"o","withShift":"O","withAltGr":"ø","withShiftAltGr":"Ø"},"KeyT":{"value":"y","withShift":"Y","withAltGr":"¥","withShiftAltGr":"Á"},"KeyU":{"value":"g","withShift":"G","withAltGr":"©","withShiftAltGr":"˝"},"KeyV":{"value":"k","withShift":"K","withAltGr":"˚","withShiftAltGr":""},"KeyW":{"value":",","withShift":"<","withAltGr":"≤","withShiftAltGr":"¯"},"KeyX":{"value":"q","withShift":"Q","withAltGr":"œ","withShiftAltGr":"Œ"},"KeyY":{"value":"f","withShift":"F","withAltGr":"ƒ","withShiftAltGr":"Ï"},"KeyZ":{"value":";","withShift":":","withAltGr":"…","withShiftAltGr":"Ú"},"Digit1":{"value":"1","withShift":"!","withAltGr":"¡","withShiftAltGr":"⁄"},"Digit2":{"value":"2","withShift":"@","withAltGr":"™","withShiftAltGr":"€"},"Digit3":{"value":"3","withShift":"#","withAltGr":"£","withShiftAltGr":"‹"},"Digit4":{"value":"4","withShift":"$","withAltGr":"¢","withShiftAltGr":"›"},"Digit5":{"value":"5","withShift":"%","withAltGr":"∞","withShiftAltGr":"ﬁ"},"Digit6":{"value":"6","withShift":"^","withAltGr":"§","withShiftAltGr":"ﬂ"},"Digit7":{"value":"7","withShift":"&","withAltGr":"¶","withShiftAltGr":"‡"},"Digit8":{"value":"8","withShift":"*","withAltGr":"•","withShiftAltGr":"°"},"Digit9":{"value":"9","withShift":"(","withAltGr":"ª","withShiftAltGr":"·"},"Digit0":{"value":"0","withShift":")","withAltGr":"º","withShiftAltGr":"‚"},"Minus":{"value":"[","withShift":"{","withAltGr":"“","withShiftAltGr":"”"},"Equal":{"value":"]","withShift":"}","withAltGr":"‘","withShiftAltGr":"’"},"BracketLeft":{"value":"/","withShift":"?","withAltGr":"÷","withShiftAltGr":"¿"},"BracketRight":{"value":"=","withShift":"+","withAltGr":"≠","withShiftAltGr":"±"},"Backslash":{"value":"\\","withShift":"|","withAltGr":"«","withShiftAltGr":"»"},"Semicolon":{"value":"s","withShift":"S","withAltGr":"ß","withShiftAltGr":"Í"},"Quote":{"value":"-","withShift":"_","withAltGr":"–","withShiftAltGr":"—"},"Backquote":{"value":"`","withShift":"~","withAltGr":"`","withShiftAltGr":"`"},"Comma":{"value":"w","withShift":"W","withAltGr":"∑","withShiftAltGr":"„"},"Period":{"value":"v","withShift":"V","withAltGr":"√","withShiftAltGr":"◊"},"Slash":{"value":"z","withShift":"Z","withAltGr":"Ω","withShiftAltGr":"¸"},"IntlBackslash":{"value":"§","withShift":"±","withAltGr":"§","withShiftAltGr":"±"}}}