{"info":{"name":"00040409","id":"001B","text":"United States-Dvorak for right hand"},"mapping":{"KeyA":{"vkey":"VK_7","value":"7","withShift":"&"},"KeyB":{"vkey":"VK_I","value":"i","withShift":"I"},"KeyC":{"vkey":"VK_X","value":"x","withShift":"X"},"KeyD":{"vkey":"VK_Z","value":"z","withShift":"Z"},"KeyE":{"vkey":"VK_Q","value":"q","withShift":"Q"},"KeyF":{"vkey":"VK_A","value":"a","withShift":"A"},"KeyG":{"vkey":"VK_E","value":"e","withShift":"E"},"KeyH":{"vkey":"VK_H","value":"h","withShift":"H"},"KeyI":{"vkey":"VK_U","value":"u","withShift":"U"},"KeyJ":{"vkey":"VK_T","value":"t","withShift":"T"},"KeyK":{"vkey":"VK_D","value":"d","withShift":"D"},"KeyL":{"vkey":"VK_C","value":"c","withShift":"C"},"KeyM":{"vkey":"VK_W","value":"w","withShift":"W"},"KeyN":{"vkey":"VK_N","value":"n","withShift":"N"},"KeyO":{"vkey":"VK_Y","value":"y","withShift":"Y"},"KeyP":{"vkey":"VK_B","value":"b","withShift":"B"},"KeyQ":{"vkey":"VK_5","value":"5","withShift":"%"},"KeyR":{"vkey":"VK_OEM_PERIOD","value":".","withShift":">"},"KeyS":{"vkey":"VK_8","value":"8","withShift":"*"},"KeyT":{"vkey":"VK_O","value":"o","withShift":"O"},"KeyU":{"vkey":"VK_S","value":"s","withShift":"S"},"KeyV":{"vkey":"VK_OEM_COMMA","value":",","withShift":"<"},"KeyW":{"vkey":"VK_6","value":"6","withShift":"^"},"KeyX":{"vkey":"VK_0","value":"0","withShift":")"},"KeyY":{"vkey":"VK_R","value":"r","withShift":"R"},"KeyZ":{"vkey":"VK_9","value":"9","withShift":"("},"Digit1":{"vkey":"VK_1","value":"1","withShift":"!"},"Digit2":{"vkey":"VK_2","value":"2","withShift":"@"},"Digit3":{"vkey":"VK_3","value":"3","withShift":"#"},"Digit4":{"vkey":"VK_4","value":"4","withShift":"$"},"Digit5":{"vkey":"VK_J","value":"j","withShift":"J"},"Digit6":{"vkey":"VK_L","value":"l","withShift":"L"},"Digit7":{"vkey":"VK_M","value":"m","withShift":"M"},"Digit8":{"vkey":"VK_F","value":"f","withShift":"F"},"Digit9":{"vkey":"VK_P","value":"p","withShift":"P"},"Digit0":{"vkey":"VK_OEM_2","value":"/","withShift":"?"},"Minus":{"vkey":"VK_OEM_4","value":"[","withShift":"{"},"Equal":{"vkey":"VK_OEM_6","value":"]","withShift":"}"},"BracketLeft":{"vkey":"VK_OEM_1","value":";","withShift":":"},"BracketRight":{"vkey":"VK_OEM_PLUS","value":"=","withShift":"+"},"Backslash":{"vkey":"VK_OEM_5","value":"\\","withShift":"|"},"Semicolon":{"vkey":"VK_K","value":"k","withShift":"K"},"Quote":{"vkey":"VK_OEM_MINUS","value":"-","withShift":"_"},"Backquote":{"vkey":"VK_OEM_3","value":"`","withShift":"~"},"Comma":{"vkey":"VK_V","value":"v","withShift":"V"},"Period":{"vkey":"VK_G","value":"g","withShift":"G"},"Slash":{"vkey":"VK_OEM_7","value":"'","withShift":"\""},"IntlBackslash":{"vkey":"VK_OEM_102","value":"\\","withShift":"|"},"IntlRo":{"vkey":"VK_ABNT_C1"},"IntlYen":{"vkey":"VK_UNKNOWN"}}}