{"info":{"id":"com.apple.keylayout.Dvorak-Right","lang":"en"},"mapping":{"KeyA":{"value":"7","withShift":"&","withAltGr":"¶","withShiftAltGr":"‡"},"KeyB":{"value":"i","withShift":"I","withAltGr":"ˆ","withShiftAltGr":"ˆ"},"KeyC":{"value":"x","withShift":"X","withAltGr":"≈","withShiftAltGr":"˛"},"KeyD":{"value":"z","withShift":"Z","withAltGr":"Ω","withShiftAltGr":"¸"},"KeyE":{"value":"q","withShift":"Q","withAltGr":"œ","withShiftAltGr":"Œ"},"KeyF":{"value":"a","withShift":"A","withAltGr":"å","withShiftAltGr":"Å"},"KeyG":{"value":"e","withShift":"E","withAltGr":"´","withShiftAltGr":"´"},"KeyH":{"value":"h","withShift":"H","withAltGr":"˙","withShiftAltGr":"Ó"},"KeyI":{"value":"u","withShift":"U","withAltGr":"¨","withShiftAltGr":"¨"},"KeyJ":{"value":"t","withShift":"T","withAltGr":"†","withShiftAltGr":"ˇ"},"KeyK":{"value":"d","withShift":"D","withAltGr":"∂","withShiftAltGr":"Î"},"KeyL":{"value":"c","withShift":"C","withAltGr":"ç","withShiftAltGr":"Ç"},"KeyM":{"value":"w","withShift":"W","withAltGr":"∑","withShiftAltGr":"„"},"KeyN":{"value":"n","withShift":"N","withAltGr":"˜","withShiftAltGr":"˜"},"KeyO":{"value":"y","withShift":"Y","withAltGr":"¥","withShiftAltGr":"Á"},"KeyP":{"value":"b","withShift":"B","withAltGr":"∫","withShiftAltGr":"ı"},"KeyQ":{"value":"5","withShift":"%","withAltGr":"∞","withShiftAltGr":"ﬁ"},"KeyR":{"value":".","withShift":">","withAltGr":"≥","withShiftAltGr":"˘"},"KeyS":{"value":"8","withShift":"*","withAltGr":"•","withShiftAltGr":"°"},"KeyT":{"value":"o","withShift":"O","withAltGr":"ø","withShiftAltGr":"Ø"},"KeyU":{"value":"s","withShift":"S","withAltGr":"ß","withShiftAltGr":"Í"},"KeyV":{"value":",","withShift":"<","withAltGr":"≤","withShiftAltGr":"¯"},"KeyW":{"value":"6","withShift":"^","withAltGr":"§","withShiftAltGr":"ﬂ"},"KeyX":{"value":"0","withShift":")","withAltGr":"º","withShiftAltGr":"‚"},"KeyY":{"value":"r","withShift":"R","withAltGr":"®","withShiftAltGr":"‰"},"KeyZ":{"value":"9","withShift":"(","withAltGr":"ª","withShiftAltGr":"·"},"Digit1":{"value":"1","withShift":"!","withAltGr":"¡","withShiftAltGr":"⁄"},"Digit2":{"value":"2","withShift":"@","withAltGr":"™","withShiftAltGr":"€"},"Digit3":{"value":"3","withShift":"#","withAltGr":"£","withShiftAltGr":"‹"},"Digit4":{"value":"4","withShift":"$","withAltGr":"¢","withShiftAltGr":"›"},"Digit5":{"value":"j","withShift":"J","withAltGr":"∆","withShiftAltGr":"Ô"},"Digit6":{"value":"l","withShift":"L","withAltGr":"¬","withShiftAltGr":"Ò"},"Digit7":{"value":"m","withShift":"M","withAltGr":"µ","withShiftAltGr":"Â"},"Digit8":{"value":"f","withShift":"F","withAltGr":"ƒ","withShiftAltGr":"Ï"},"Digit9":{"value":"p","withShift":"P","withAltGr":"π","withShiftAltGr":"∏"},"Digit0":{"value":"/","withShift":"?","withAltGr":"÷","withShiftAltGr":"¿"},"Minus":{"value":"[","withShift":"{","withAltGr":"“","withShiftAltGr":"”"},"Equal":{"value":"]","withShift":"}","withAltGr":"‘","withShiftAltGr":"’"},"BracketLeft":{"value":";","withShift":":","withAltGr":"…","withShiftAltGr":"Ú"},"BracketRight":{"value":"=","withShift":"+","withAltGr":"≠","withShiftAltGr":"±"},"Backslash":{"value":"\\","withShift":"|","withAltGr":"«","withShiftAltGr":"»"},"Semicolon":{"value":"k","withShift":"K","withAltGr":"˚","withShiftAltGr":""},"Quote":{"value":"-","withShift":"_","withAltGr":"–","withShiftAltGr":"—"},"Backquote":{"value":"`","withShift":"~","withAltGr":"`","withShiftAltGr":"`"},"Comma":{"value":"v","withShift":"V","withAltGr":"√","withShiftAltGr":"◊"},"Period":{"value":"g","withShift":"G","withAltGr":"©","withShiftAltGr":"˝"},"Slash":{"value":"'","withShift":"\"","withAltGr":"æ","withShiftAltGr":"Æ"},"IntlBackslash":{"value":"§","withShift":"±","withAltGr":"§","withShiftAltGr":"±"}}}