{"info":{"name":"00010409","id":"0002","text":"United States-Dvorak"},"mapping":{"KeyA":{"vkey":"VK_A","value":"a","withShift":"A"},"KeyB":{"vkey":"VK_X","value":"x","withShift":"X"},"KeyC":{"vkey":"VK_J","value":"j","withShift":"J"},"KeyD":{"vkey":"VK_E","value":"e","withShift":"E"},"KeyE":{"vkey":"VK_OEM_PERIOD","value":".","withShift":">"},"KeyF":{"vkey":"VK_U","value":"u","withShift":"U"},"KeyG":{"vkey":"VK_I","value":"i","withShift":"I"},"KeyH":{"vkey":"VK_D","value":"d","withShift":"D"},"KeyI":{"vkey":"VK_C","value":"c","withShift":"C"},"KeyJ":{"vkey":"VK_H","value":"h","withShift":"H"},"KeyK":{"vkey":"VK_T","value":"t","withShift":"T"},"KeyL":{"vkey":"VK_N","value":"n","withShift":"N"},"KeyM":{"vkey":"VK_M","value":"m","withShift":"M"},"KeyN":{"vkey":"VK_B","value":"b","withShift":"B"},"KeyO":{"vkey":"VK_R","value":"r","withShift":"R"},"KeyP":{"vkey":"VK_L","value":"l","withShift":"L"},"KeyQ":{"vkey":"VK_OEM_7","value":"'","withShift":"\""},"KeyR":{"vkey":"VK_P","value":"p","withShift":"P"},"KeyS":{"vkey":"VK_O","value":"o","withShift":"O"},"KeyT":{"vkey":"VK_Y","value":"y","withShift":"Y"},"KeyU":{"vkey":"VK_G","value":"g","withShift":"G"},"KeyV":{"vkey":"VK_K","value":"k","withShift":"K"},"KeyW":{"vkey":"VK_OEM_COMMA","value":",","withShift":"<"},"KeyX":{"vkey":"VK_Q","value":"q","withShift":"Q"},"KeyY":{"vkey":"VK_F","value":"f","withShift":"F"},"KeyZ":{"vkey":"VK_OEM_1","value":";","withShift":":"},"Digit1":{"vkey":"VK_1","value":"1","withShift":"!"},"Digit2":{"vkey":"VK_2","value":"2","withShift":"@"},"Digit3":{"vkey":"VK_3","value":"3","withShift":"#"},"Digit4":{"vkey":"VK_4","value":"4","withShift":"$"},"Digit5":{"vkey":"VK_5","value":"5","withShift":"%"},"Digit6":{"vkey":"VK_6","value":"6","withShift":"^"},"Digit7":{"vkey":"VK_7","value":"7","withShift":"&"},"Digit8":{"vkey":"VK_8","value":"8","withShift":"*"},"Digit9":{"vkey":"VK_9","value":"9","withShift":"("},"Digit0":{"vkey":"VK_0","value":"0","withShift":")"},"Minus":{"vkey":"VK_OEM_4","value":"[","withShift":"{"},"Equal":{"vkey":"VK_OEM_6","value":"]","withShift":"}"},"BracketLeft":{"vkey":"VK_OEM_2","value":"/","withShift":"?"},"BracketRight":{"vkey":"VK_OEM_PLUS","value":"=","withShift":"+"},"Backslash":{"vkey":"VK_OEM_5","value":"\\","withShift":"|"},"Semicolon":{"vkey":"VK_S","value":"s","withShift":"S"},"Quote":{"vkey":"VK_OEM_MINUS","value":"-","withShift":"_"},"Backquote":{"vkey":"VK_OEM_3","value":"`","withShift":"~"},"Comma":{"vkey":"VK_W","value":"w","withShift":"W"},"Period":{"vkey":"VK_V","value":"v","withShift":"V"},"Slash":{"vkey":"VK_Z","value":"z","withShift":"Z"},"IntlBackslash":{"vkey":"VK_OEM_102","value":"\\","withShift":"|"},"IntlRo":{"vkey":"VK_ABNT_C1"},"IntlYen":{"vkey":"VK_UNKNOWN"}}}