{"info":{"id":"com.apple.keylayout.Dvorak-Left","lang":"en"},"mapping":{"KeyA":{"value":"-","withShift":"_","withAltGr":"–","withShiftAltGr":"—"},"KeyB":{"value":"w","withShift":"W","withAltGr":"∑","withShiftAltGr":"„"},"KeyC":{"value":"g","withShift":"G","withAltGr":"©","withShiftAltGr":"˝"},"KeyD":{"value":"c","withShift":"C","withAltGr":"ç","withShiftAltGr":"Ç"},"KeyE":{"value":"b","withShift":"B","withAltGr":"∫","withShiftAltGr":"ı"},"KeyF":{"value":"d","withShift":"D","withAltGr":"∂","withShiftAltGr":"Î"},"KeyG":{"value":"t","withShift":"T","withAltGr":"†","withShiftAltGr":"ˇ"},"KeyH":{"value":"h","withShift":"H","withAltGr":"˙","withShiftAltGr":"Ó"},"KeyI":{"value":"o","withShift":"O","withAltGr":"ø","withShiftAltGr":"Ø"},"KeyJ":{"value":"e","withShift":"E","withAltGr":"´","withShiftAltGr":"´"},"KeyK":{"value":"a","withShift":"A","withAltGr":"å","withShiftAltGr":"Å"},"KeyL":{"value":"z","withShift":"Z","withAltGr":"Ω","withShiftAltGr":"¸"},"KeyM":{"value":"i","withShift":"I","withAltGr":"ˆ","withShiftAltGr":"ˆ"},"KeyN":{"value":"n","withShift":"N","withAltGr":"˜","withShiftAltGr":"˜"},"KeyO":{"value":".","withShift":">","withAltGr":"≥","withShiftAltGr":"˘"},"KeyP":{"value":"6","withShift":"^","withAltGr":"§","withShiftAltGr":"ﬂ"},"KeyQ":{"value":";","withShift":":","withAltGr":"…","withShiftAltGr":"Ú"},"KeyR":{"value":"y","withShift":"Y","withAltGr":"¥","withShiftAltGr":"Á"},"KeyS":{"value":"k","withShift":"K","withAltGr":"˚","withShiftAltGr":""},"KeyT":{"value":"u","withShift":"U","withAltGr":"¨","withShiftAltGr":"¨"},"KeyU":{"value":"s","withShift":"S","withAltGr":"ß","withShiftAltGr":"Í"},"KeyV":{"value":"v","withShift":"V","withAltGr":"√","withShiftAltGr":"◊"},"KeyW":{"value":"q","withShift":"Q","withAltGr":"œ","withShiftAltGr":"Œ"},"KeyX":{"value":"x","withShift":"X","withAltGr":"≈","withShiftAltGr":"˛"},"KeyY":{"value":"r","withShift":"R","withAltGr":"®","withShiftAltGr":"‰"},"KeyZ":{"value":"'","withShift":"\"","withAltGr":"æ","withShiftAltGr":"Æ"},"Digit1":{"value":"[","withShift":"{","withAltGr":"“","withShiftAltGr":"”"},"Digit2":{"value":"]","withShift":"}","withAltGr":"‘","withShiftAltGr":"’"},"Digit3":{"value":"/","withShift":"?","withAltGr":"÷","withShiftAltGr":"¿"},"Digit4":{"value":"p","withShift":"P","withAltGr":"π","withShiftAltGr":"∏"},"Digit5":{"value":"f","withShift":"F","withAltGr":"ƒ","withShiftAltGr":"Ï"},"Digit6":{"value":"m","withShift":"M","withAltGr":"µ","withShiftAltGr":"Â"},"Digit7":{"value":"l","withShift":"L","withAltGr":"¬","withShiftAltGr":"Ò"},"Digit8":{"value":"j","withShift":"J","withAltGr":"∆","withShiftAltGr":"Ô"},"Digit9":{"value":"4","withShift":"$","withAltGr":"¢","withShiftAltGr":"›"},"Digit0":{"value":"3","withShift":"#","withAltGr":"£","withShiftAltGr":"‹"},"Minus":{"value":"2","withShift":"@","withAltGr":"™","withShiftAltGr":"€"},"Equal":{"value":"1","withShift":"!","withAltGr":"¡","withShiftAltGr":"⁄"},"BracketLeft":{"value":"5","withShift":"%","withAltGr":"∞","withShiftAltGr":"ﬁ"},"BracketRight":{"value":"=","withShift":"+","withAltGr":"≠","withShiftAltGr":"±"},"Backslash":{"value":"\\","withShift":"|","withAltGr":"«","withShiftAltGr":"»"},"Semicolon":{"value":"8","withShift":"*","withAltGr":"•","withShiftAltGr":"°"},"Quote":{"value":"7","withShift":"&","withAltGr":"¶","withShiftAltGr":"‡"},"Backquote":{"value":"`","withShift":"~","withAltGr":"`","withShiftAltGr":"`"},"Comma":{"value":",","withShift":"<","withAltGr":"≤","withShiftAltGr":"¯"},"Period":{"value":"0","withShift":")","withAltGr":"º","withShiftAltGr":"‚"},"Slash":{"value":"9","withShift":"(","withAltGr":"ª","withShiftAltGr":"·"},"IntlBackslash":{"value":"§","withShift":"±","withAltGr":"§","withShiftAltGr":"±"}}}