{"info":{"id":"com.apple.keylayout.Spanish","lang":"es"},"mapping":{"KeyA":{"value":"a","withShift":"A","withAltGr":"å","withShiftAltGr":"Å"},"KeyB":{"value":"b","withShift":"B","withAltGr":"∫","withShiftAltGr":"<"},"KeyC":{"value":"c","withShift":"C","withAltGr":"©","withShiftAltGr":"Â"},"KeyD":{"value":"d","withShift":"D","withAltGr":"∂","withShiftAltGr":"ﬂ"},"KeyE":{"value":"e","withShift":"E","withAltGr":"æ","withShiftAltGr":"Æ"},"KeyF":{"value":"f","withShift":"F","withAltGr":"ƒ","withShiftAltGr":"‡"},"KeyG":{"value":"g","withShift":"G","withAltGr":"@","withShiftAltGr":"‚"},"KeyH":{"value":"h","withShift":"H","withAltGr":"™","withShiftAltGr":"·"},"KeyI":{"value":"i","withShift":"I","withAltGr":"^","withShiftAltGr":"ı"},"KeyJ":{"value":"j","withShift":"J","withAltGr":"∆","withShiftAltGr":"˜"},"KeyK":{"value":"k","withShift":"K","withAltGr":"§","withShiftAltGr":"˘"},"KeyL":{"value":"l","withShift":"L","withAltGr":"¬","withShiftAltGr":"ˆ"},"KeyM":{"value":"m","withShift":"M","withAltGr":"µ","withShiftAltGr":"≤"},"KeyN":{"value":"n","withShift":"N","withAltGr":">","withShiftAltGr":">"},"KeyO":{"value":"o","withShift":"O","withAltGr":"ø","withShiftAltGr":"Ø"},"KeyP":{"value":"p","withShift":"P","withAltGr":"π","withShiftAltGr":"∏"},"KeyQ":{"value":"q","withShift":"Q","withAltGr":"œ","withShiftAltGr":"Œ"},"KeyR":{"value":"r","withShift":"R","withAltGr":"®","withShiftAltGr":"Á"},"KeyS":{"value":"s","withShift":"S","withAltGr":"ß","withShiftAltGr":"ﬁ"},"KeyT":{"value":"t","withShift":"T","withAltGr":"†","withShiftAltGr":"È"},"KeyU":{"value":"u","withShift":"U","withAltGr":"€","withShiftAltGr":"Û"},"KeyV":{"value":"v","withShift":"V","withAltGr":"√","withShiftAltGr":"◊"},"KeyW":{"value":"w","withShift":"W","withAltGr":"∑","withShiftAltGr":"Ê"},"KeyX":{"value":"x","withShift":"X","withAltGr":"≈","withShiftAltGr":"‰"},"KeyY":{"value":"y","withShift":"Y","withAltGr":"¥","withShiftAltGr":"Ë"},"KeyZ":{"value":"z","withShift":"Z","withAltGr":"Ω","withShiftAltGr":"„"},"Digit1":{"value":"1","withShift":"¡","withAltGr":"‘","withShiftAltGr":"’"},"Digit2":{"value":"2","withShift":"!","withAltGr":"“","withShiftAltGr":"”"},"Digit3":{"value":"3","withShift":"#","withAltGr":"«","withShiftAltGr":"»"},"Digit4":{"value":"4","withShift":"$","withAltGr":"¢","withShiftAltGr":"Î"},"Digit5":{"value":"5","withShift":"%","withAltGr":"∞","withShiftAltGr":"Ì"},"Digit6":{"value":"6","withShift":"/","withAltGr":"\\","withShiftAltGr":"Ï"},"Digit7":{"value":"7","withShift":"&","withAltGr":"|","withShiftAltGr":"Í"},"Digit8":{"value":"8","withShift":"*","withAltGr":"°","withShiftAltGr":""},"Digit9":{"value":"9","withShift":"(","withAltGr":"£","withShiftAltGr":"Ô"},"Digit0":{"value":"0","withShift":")","withAltGr":"≠","withShiftAltGr":"Ò"},"Minus":{"value":"-","withShift":"_","withAltGr":"–","withShiftAltGr":"—"},"Equal":{"value":"=","withShift":"+","withAltGr":"±","withShiftAltGr":"Ó"},"BracketLeft":{"value":"´","withShift":"º","withAltGr":"ª","withShiftAltGr":"Ù"},"BracketRight":{"value":"`","withShift":"¨","withAltGr":"|","withShiftAltGr":"Ú"},"Backslash":{"value":"'","withShift":"\"","withAltGr":"]","withShiftAltGr":"}"},"Semicolon":{"value":"ñ","withShift":"Ñ","withAltGr":"~","withShiftAltGr":"˙"},"Quote":{"value":";","withShift":":","withAltGr":"¶","withShiftAltGr":"¯"},"Backquote":{"value":"<","withShift":">","withAltGr":"[","withShiftAltGr":"{"},"Comma":{"value":",","withShift":"¿","withAltGr":"Ÿ","withShiftAltGr":"≥"},"Period":{"value":".","withShift":"?","withAltGr":"…","withShiftAltGr":"÷"},"Slash":{"value":"ç","withShift":"Ç","withAltGr":"•","withShiftAltGr":"¸"},"IntlBackslash":{"value":"[","withShift":"]","withAltGr":"{","withShiftAltGr":"}"}}}