{"info":{"name":"A000040C","id":"00c0","text":"Fran�ais (b�po)"},"mapping":{"KeyA":{"vkey":"VK_A","value":"a","withShift":"A","withAltGr":"æ","withShiftAltGr":"Æ"},"KeyB":{"vkey":"VK_K","value":"k","withShift":"K","withAltGr":"~","withShiftAltGr":"⌨"},"KeyC":{"vkey":"VK_X","value":"x","withShift":"X","withAltGr":"}","withShiftAltGr":"’"},"KeyD":{"vkey":"VK_I","value":"i","withShift":"I","withAltGr":"¨","withShiftAltGr":"˙"},"KeyE":{"vkey":"VK_P","value":"p","withShift":"P","withAltGr":"&","withShiftAltGr":"§"},"KeyF":{"vkey":"VK_E","value":"e","withShift":"E","withAltGr":"€","withShiftAltGr":"¤"},"KeyG":{"vkey":"VK_OEM_COMMA","value":",","withShift":";","withAltGr":"’","withShiftAltGr":"̛"},"KeyH":{"vkey":"VK_C","value":"c","withShift":"C","withAltGr":"©","withShiftAltGr":"ſ"},"KeyI":{"vkey":"VK_D","value":"d","withShift":"D","withAltGr":"ð","withShiftAltGr":"Ð"},"KeyJ":{"vkey":"VK_T","value":"t","withShift":"T","withAltGr":"þ","withShiftAltGr":"Þ"},"KeyK":{"vkey":"VK_S","value":"s","withShift":"S","withAltGr":"ß","withShiftAltGr":"ẞ"},"KeyL":{"vkey":"VK_R","value":"r","withShift":"R","withAltGr":"®","withShiftAltGr":"™"},"KeyM":{"vkey":"VK_Q","value":"q","withShift":"Q","withAltGr":"˚","withShiftAltGr":"̣"},"KeyN":{"vkey":"VK_OEM_3","value":"'","withShift":"?","withAltGr":"¿","withShiftAltGr":"̉"},"KeyO":{"vkey":"VK_L","value":"l","withShift":"L","withAltGr":"/"},"KeyP":{"vkey":"VK_J","value":"j","withShift":"J","withAltGr":"ĳ","withShiftAltGr":"Ĳ"},"KeyQ":{"vkey":"VK_B","value":"b","withShift":"B","withAltGr":"|","withShiftAltGr":"¦"},"KeyR":{"vkey":"VK_O","value":"o","withShift":"O","withAltGr":"œ","withShiftAltGr":"Œ"},"KeyS":{"vkey":"VK_U","value":"u","withShift":"U","withAltGr":"ù","withShiftAltGr":"Ù"},"KeyT":{"vkey":"VK_OEM_2","value":"è","withShift":"È","withAltGr":"`","withShiftAltGr":"`"},"KeyU":{"vkey":"VK_V","value":"v","withShift":"V","withAltGr":"ˇ"},"KeyV":{"vkey":"VK_OEM_PERIOD","value":".","withShift":":","withAltGr":"…","withShiftAltGr":"·"},"KeyW":{"vkey":"VK_OEM_1","value":"é","withShift":"É","withAltGr":"´","withShiftAltGr":"˝"},"KeyX":{"vkey":"VK_Y","value":"y","withShift":"Y","withAltGr":"{","withShiftAltGr":"‘"},"KeyY":{"vkey":"VK_OEM_4","value":"^","withShift":"!","withAltGr":"¡"},"KeyZ":{"vkey":"VK_OEM_6","value":"à","withShift":"À","withAltGr":"\\"},"Digit1":{"vkey":"VK_1","value":"\"","withShift":"1","withAltGr":"—","withShiftAltGr":"„"},"Digit2":{"vkey":"VK_2","value":"«","withShift":"2","withAltGr":"<","withShiftAltGr":"“"},"Digit3":{"vkey":"VK_3","value":"»","withShift":"3","withAltGr":">","withShiftAltGr":"”"},"Digit4":{"vkey":"VK_4","value":"(","withShift":"4","withAltGr":"[","withShiftAltGr":"≤"},"Digit5":{"vkey":"VK_5","value":")","withShift":"5","withAltGr":"]","withShiftAltGr":"≥"},"Digit6":{"vkey":"VK_6","value":"@","withShift":"6","withAltGr":"^"},"Digit7":{"vkey":"VK_7","value":"+","withShift":"7","withAltGr":"±","withShiftAltGr":"¬"},"Digit8":{"vkey":"VK_8","value":"-","withShift":"8","withAltGr":"−","withShiftAltGr":"¼"},"Digit9":{"vkey":"VK_9","value":"/","withShift":"9","withAltGr":"÷","withShiftAltGr":"½"},"Digit0":{"vkey":"VK_0","value":"*","withShift":"0","withAltGr":"×","withShiftAltGr":"¾"},"Minus":{"vkey":"VK_OEM_MINUS","value":"=","withShift":"°","withAltGr":"≠","withShiftAltGr":"′"},"Equal":{"vkey":"VK_OEM_PLUS","value":"%","withShift":"`","withAltGr":"‰","withShiftAltGr":"″"},"BracketLeft":{"vkey":"VK_Z","value":"z","withShift":"Z","withAltGr":"ə","withShiftAltGr":"Ə"},"BracketRight":{"vkey":"VK_W","value":"w","withShift":"W","withAltGr":"˘"},"Backslash":{"vkey":"VK_OEM_5","value":"ç","withShift":"Ç","withAltGr":"¸","withShiftAltGr":","},"Semicolon":{"vkey":"VK_N","value":"n","withShift":"N","withAltGr":"~"},"Quote":{"vkey":"VK_M","value":"m","withShift":"M","withAltGr":"¯","withShiftAltGr":"º"},"Backquote":{"vkey":"VK_OEM_7","value":"$","withShift":"#","withAltGr":"–","withShiftAltGr":"¶"},"Comma":{"vkey":"VK_G","value":"g","withShift":"G","withAltGr":"µ"},"Period":{"vkey":"VK_H","value":"h","withShift":"H","withAltGr":"†","withShiftAltGr":"‡"},"Slash":{"vkey":"VK_F","value":"f","withShift":"F","withAltGr":"˛","withShiftAltGr":"ª"},"IntlBackslash":{"vkey":"VK_OEM_102","value":"ê","withShift":"Ê","withAltGr":"/"},"IntlRo":{"vkey":"VK_ABNT_C1"},"IntlYen":{"vkey":"VK_UNKNOWN"}}}