{"info":{"id":"com.apple.keylayout.Canadian-CSA","lang":"fr"},"mapping":{"KeyA":{"value":"a","withShift":"A","withAltGr":"æ","withShiftAltGr":"Æ"},"KeyB":{"value":"b","withShift":"B","withAltGr":"∫","withShiftAltGr":"≤"},"KeyC":{"value":"c","withShift":"C","withAltGr":"¢","withShiftAltGr":"†"},"KeyD":{"value":"d","withShift":"D","withAltGr":"ª","withShiftAltGr":"ˇ"},"KeyE":{"value":"e","withShift":"E","withAltGr":"∂","withShiftAltGr":"¯"},"KeyF":{"value":"f","withShift":"F","withAltGr":"ƒ","withShiftAltGr":"ﬂ"},"KeyG":{"value":"g","withShift":"G","withAltGr":"©","withShiftAltGr":"ﬁ"},"KeyH":{"value":"h","withShift":"H","withAltGr":"˙","withShiftAltGr":"·"},"KeyI":{"value":"i","withShift":"I","withAltGr":"π","withShiftAltGr":"∏"},"KeyJ":{"value":"j","withShift":"J","withAltGr":"∆","withShiftAltGr":"‚"},"KeyK":{"value":"k","withShift":"K","withAltGr":"˚","withShiftAltGr":"⁄"},"KeyL":{"value":"l","withShift":"L","withAltGr":" ","withShiftAltGr":"…"},"KeyM":{"value":"m","withShift":"M","withAltGr":"µ","withShiftAltGr":"º"},"KeyN":{"value":"n","withShift":"N","withAltGr":" ","withShiftAltGr":"≥"},"KeyO":{"value":"o","withShift":"O","withAltGr":"ø","withShiftAltGr":"Ø"},"KeyP":{"value":"p","withShift":"P","withAltGr":"“","withShiftAltGr":"”"},"KeyQ":{"value":"q","withShift":"Q","withAltGr":"œ","withShiftAltGr":"Œ"},"KeyR":{"value":"r","withShift":"R","withAltGr":"¶","withShiftAltGr":"®"},"KeyS":{"value":"s","withShift":"S","withAltGr":"ß","withShiftAltGr":"§"},"KeyT":{"value":"t","withShift":"T","withAltGr":"™","withShiftAltGr":"˘"},"KeyU":{"value":"u","withShift":"U","withAltGr":" ","withShiftAltGr":"˛"},"KeyV":{"value":"v","withShift":"V","withAltGr":"√","withShiftAltGr":"◊"},"KeyW":{"value":"w","withShift":"W","withAltGr":"∑","withShiftAltGr":"‰"},"KeyX":{"value":"x","withShift":"X","withAltGr":"»","withShiftAltGr":"›"},"KeyY":{"value":"y","withShift":"Y","withAltGr":"¥","withShiftAltGr":"˝"},"KeyZ":{"value":"z","withShift":"Z","withAltGr":"«","withShiftAltGr":"‹"},"Digit1":{"value":"1","withShift":"!","withAltGr":"¡","withShiftAltGr":"≈"},"Digit2":{"value":"2","withShift":"@","withAltGr":"@","withShiftAltGr":"ı"},"Digit3":{"value":"3","withShift":"#","withAltGr":"£","withShiftAltGr":"ˆ"},"Digit4":{"value":"4","withShift":"$","withAltGr":"€","withShiftAltGr":"˜"},"Digit5":{"value":"5","withShift":"%","withAltGr":"∞","withShiftAltGr":""},"Digit6":{"value":"6","withShift":"?","withAltGr":" ","withShiftAltGr":"†"},"Digit7":{"value":"7","withShift":"&","withAltGr":"{","withShiftAltGr":"‡"},"Digit8":{"value":"8","withShift":"*","withAltGr":"}","withShiftAltGr":"•"},"Digit9":{"value":"9","withShift":"(","withAltGr":"[","withShiftAltGr":"±"},"Digit0":{"value":"0","withShift":")","withAltGr":"]","withShiftAltGr":"—"},"Minus":{"value":"-","withShift":"_","withAltGr":"|","withShiftAltGr":"¿"},"Equal":{"value":"=","withShift":"+","withAltGr":"¬","withShiftAltGr":"–"},"BracketLeft":{"value":"^","withShift":"¨","withAltGr":"`","withShiftAltGr":"„"},"BracketRight":{"value":"ç","withShift":"Ç","withAltGr":"~","withShiftAltGr":"~"},"Backslash":{"value":"à","withShift":"À","withAltGr":"`","withShiftAltGr":"`"},"Semicolon":{"value":";","withShift":":","withAltGr":"°","withShiftAltGr":"´"},"Quote":{"value":"è","withShift":"È","withAltGr":"\\","withShiftAltGr":"’"},"Backquote":{"value":"ù","withShift":"Ù","withAltGr":"\\","withShiftAltGr":"Ω"},"Comma":{"value":",","withShift":"'","withAltGr":"<","withShiftAltGr":"x"},"Period":{"value":".","withShift":"\"","withAltGr":">","withShiftAltGr":"÷"},"Slash":{"value":"é","withShift":"É","withAltGr":"/","withShiftAltGr":"≠"},"IntlBackslash":{"value":"/","withShift":"\\","withAltGr":"|","withShiftAltGr":" "}}}