{"info":{"name":"0000040C","id":"","text":"French"},"mapping":{"KeyA":{"vkey":"VK_Q","value":"q","withShift":"Q"},"KeyB":{"vkey":"VK_B","value":"b","withShift":"B"},"KeyC":{"vkey":"VK_C","value":"c","withShift":"C"},"KeyD":{"vkey":"VK_D","value":"d","withShift":"D"},"KeyE":{"vkey":"VK_E","value":"e","withShift":"E","withAltGr":"€"},"KeyF":{"vkey":"VK_F","value":"f","withShift":"F"},"KeyG":{"vkey":"VK_G","value":"g","withShift":"G"},"KeyH":{"vkey":"VK_H","value":"h","withShift":"H"},"KeyI":{"vkey":"VK_I","value":"i","withShift":"I"},"KeyJ":{"vkey":"VK_J","value":"j","withShift":"J"},"KeyK":{"vkey":"VK_K","value":"k","withShift":"K"},"KeyL":{"vkey":"VK_L","value":"l","withShift":"L"},"KeyM":{"vkey":"VK_OEM_COMMA","value":",","withShift":"?"},"KeyN":{"vkey":"VK_N","value":"n","withShift":"N"},"KeyO":{"vkey":"VK_O","value":"o","withShift":"O"},"KeyP":{"vkey":"VK_P","value":"p","withShift":"P"},"KeyQ":{"vkey":"VK_A","value":"a","withShift":"A"},"KeyR":{"vkey":"VK_R","value":"r","withShift":"R"},"KeyS":{"vkey":"VK_S","value":"s","withShift":"S"},"KeyT":{"vkey":"VK_T","value":"t","withShift":"T"},"KeyU":{"vkey":"VK_U","value":"u","withShift":"U"},"KeyV":{"vkey":"VK_V","value":"v","withShift":"V"},"KeyW":{"vkey":"VK_Z","value":"z","withShift":"Z"},"KeyX":{"vkey":"VK_X","value":"x","withShift":"X"},"KeyY":{"vkey":"VK_Y","value":"y","withShift":"Y"},"KeyZ":{"vkey":"VK_W","value":"w","withShift":"W"},"Digit1":{"vkey":"VK_1","value":"&","withShift":"1"},"Digit2":{"vkey":"VK_2","value":"é","withShift":"2","withAltGr":"~"},"Digit3":{"vkey":"VK_3","value":"\"","withShift":"3","withAltGr":"#"},"Digit4":{"vkey":"VK_4","value":"'","withShift":"4","withAltGr":"{"},"Digit5":{"vkey":"VK_5","value":"(","withShift":"5","withAltGr":"["},"Digit6":{"vkey":"VK_6","value":"-","withShift":"6","withAltGr":"|"},"Digit7":{"vkey":"VK_7","value":"è","withShift":"7","withAltGr":"`"},"Digit8":{"vkey":"VK_8","value":"_","withShift":"8","withAltGr":"\\"},"Digit9":{"vkey":"VK_9","value":"ç","withShift":"9","withAltGr":"^"},"Digit0":{"vkey":"VK_0","value":"à","withShift":"0","withAltGr":"@"},"Minus":{"vkey":"VK_OEM_4","value":")","withShift":"°","withAltGr":"]"},"Equal":{"vkey":"VK_OEM_PLUS","value":"=","withShift":"+","withAltGr":"}"},"BracketLeft":{"vkey":"VK_OEM_6","value":"^","withShift":"¨"},"BracketRight":{"vkey":"VK_OEM_1","value":"$","withShift":"£","withAltGr":"¤"},"Backslash":{"vkey":"VK_OEM_5","value":"*","withShift":"µ"},"Semicolon":{"vkey":"VK_M","value":"m","withShift":"M"},"Quote":{"vkey":"VK_OEM_3","value":"ù","withShift":"%"},"Backquote":{"vkey":"VK_OEM_7","value":"²"},"Comma":{"vkey":"VK_OEM_PERIOD","value":";","withShift":"."},"Period":{"vkey":"VK_OEM_2","value":":","withShift":"/"},"Slash":{"vkey":"VK_OEM_8","value":"!","withShift":"§"},"IntlBackslash":{"vkey":"VK_OEM_102","value":"<","withShift":">"},"IntlRo":{"vkey":"VK_ABNT_C1"},"IntlYen":{"vkey":"VK_UNKNOWN"}}}