{"info":{"id":"com.apple.keylayout.French","lang":"fr"},"mapping":{"KeyA":{"value":"q","withShift":"Q","withAltGr":"‡","withShiftAltGr":"Ω"},"KeyB":{"value":"b","withShift":"B","withAltGr":"ß","withShiftAltGr":"∫"},"KeyC":{"value":"c","withShift":"C","withAltGr":"©","withShiftAltGr":"¢"},"KeyD":{"value":"d","withShift":"D","withAltGr":"∂","withShiftAltGr":"∆"},"KeyE":{"value":"e","withShift":"E","withAltGr":"ê","withShiftAltGr":"Ê"},"KeyF":{"value":"f","withShift":"F","withAltGr":"ƒ","withShiftAltGr":"·"},"KeyG":{"value":"g","withShift":"G","withAltGr":"ﬁ","withShiftAltGr":"ﬂ"},"KeyH":{"value":"h","withShift":"H","withAltGr":"Ì","withShiftAltGr":"Î"},"KeyI":{"value":"i","withShift":"I","withAltGr":"î","withShiftAltGr":"ï"},"KeyJ":{"value":"j","withShift":"J","withAltGr":"Ï","withShiftAltGr":"Í"},"KeyK":{"value":"k","withShift":"K","withAltGr":"È","withShiftAltGr":"Ë"},"KeyL":{"value":"l","withShift":"L","withAltGr":"¬","withShiftAltGr":"|"},"KeyM":{"value":",","withShift":"?","withAltGr":"∞","withShiftAltGr":"¿"},"KeyN":{"value":"n","withShift":"N","withAltGr":"~","withShiftAltGr":"ı"},"KeyO":{"value":"o","withShift":"O","withAltGr":"œ","withShiftAltGr":"Œ"},"KeyP":{"value":"p","withShift":"P","withAltGr":"π","withShiftAltGr":"∏"},"KeyQ":{"value":"a","withShift":"A","withAltGr":"æ","withShiftAltGr":"Æ"},"KeyR":{"value":"r","withShift":"R","withAltGr":"®","withShiftAltGr":"‚"},"KeyS":{"value":"s","withShift":"S","withAltGr":"Ò","withShiftAltGr":"∑"},"KeyT":{"value":"t","withShift":"T","withAltGr":"†","withShiftAltGr":"™"},"KeyU":{"value":"u","withShift":"U","withAltGr":"º","withShiftAltGr":"ª"},"KeyV":{"value":"v","withShift":"V","withAltGr":"◊","withShiftAltGr":"√"},"KeyW":{"value":"z","withShift":"Z","withAltGr":"Â","withShiftAltGr":"Å"},"KeyX":{"value":"x","withShift":"X","withAltGr":"≈","withShiftAltGr":"⁄"},"KeyY":{"value":"y","withShift":"Y","withAltGr":"Ú","withShiftAltGr":"Ÿ"},"KeyZ":{"value":"w","withShift":"W","withAltGr":"‹","withShiftAltGr":"›"},"Digit1":{"value":"&","withShift":"1","withAltGr":"","withShiftAltGr":"´"},"Digit2":{"value":"é","withShift":"2","withAltGr":"ë","withShiftAltGr":"„"},"Digit3":{"value":"\"","withShift":"3","withAltGr":"“","withShiftAltGr":"”"},"Digit4":{"value":"'","withShift":"4","withAltGr":"‘","withShiftAltGr":"’"},"Digit5":{"value":"(","withShift":"5","withAltGr":"{","withShiftAltGr":"["},"Digit6":{"value":"§","withShift":"6","withAltGr":"¶","withShiftAltGr":"å"},"Digit7":{"value":"è","withShift":"7","withAltGr":"«","withShiftAltGr":"»"},"Digit8":{"value":"!","withShift":"8","withAltGr":"¡","withShiftAltGr":"Û"},"Digit9":{"value":"ç","withShift":"9","withAltGr":"Ç","withShiftAltGr":"Á"},"Digit0":{"value":"à","withShift":"0","withAltGr":"ø","withShiftAltGr":"Ø"},"Minus":{"value":")","withShift":"°","withAltGr":"}","withShiftAltGr":"]"},"Equal":{"value":"-","withShift":"_","withAltGr":"—","withShiftAltGr":"–"},"BracketLeft":{"value":"^","withShift":"¨","withAltGr":"ô","withShiftAltGr":"Ô"},"BracketRight":{"value":"$","withShift":"*","withAltGr":"€","withShiftAltGr":"¥"},"Backslash":{"value":"`","withShift":"£","withAltGr":"@","withShiftAltGr":"#"},"Semicolon":{"value":"m","withShift":"M","withAltGr":"µ","withShiftAltGr":"Ó"},"Quote":{"value":"ù","withShift":"%","withAltGr":"Ù","withShiftAltGr":"‰"},"Backquote":{"value":"<","withShift":">","withAltGr":"≤","withShiftAltGr":"≥"},"Comma":{"value":";","withShift":".","withAltGr":"…","withShiftAltGr":"•"},"Period":{"value":":","withShift":"/","withAltGr":"÷","withShiftAltGr":"\\"},"Slash":{"value":"=","withShift":"+","withAltGr":"≠","withShiftAltGr":"±"},"IntlBackslash":{"value":"@","withShift":"#","withAltGr":"•","withShiftAltGr":"Ÿ"}}}