{"info":{"id":"com.apple.keylayout.SwissFrench","lang":"fr"},"mapping":{"KeyA":{"value":"a","withShift":"A","withAltGr":"å","withShiftAltGr":"Å"},"KeyB":{"value":"b","withShift":"B","withAltGr":"∫"},"KeyC":{"value":"c","withShift":"C","withAltGr":"©"},"KeyD":{"value":"d","withShift":"D","withAltGr":"∂","withShiftAltGr":"ﬂ"},"KeyE":{"value":"e","withShift":"E","withAltGr":"€","withShiftAltGr":"Ë"},"KeyF":{"value":"f","withShift":"F","withAltGr":"ƒ","withShiftAltGr":"‡"},"KeyG":{"value":"g","withShift":"G","withAltGr":"@","withShiftAltGr":"‚"},"KeyH":{"value":"h","withShift":"H","withAltGr":"ª","withShiftAltGr":"·"},"KeyI":{"value":"i","withShift":"I","withAltGr":"¡","withShiftAltGr":"ı"},"KeyJ":{"value":"j","withShift":"J","withAltGr":"º","withShiftAltGr":"˜"},"KeyK":{"value":"k","withShift":"K","withAltGr":"∆","withShiftAltGr":"¯"},"KeyL":{"value":"l","withShift":"L","withAltGr":"¬","withShiftAltGr":"ˆ"},"KeyM":{"value":"m","withShift":"M","withAltGr":"µ","withShiftAltGr":"˚"},"KeyN":{"value":"n","withShift":"N","withAltGr":"~","withShiftAltGr":"˙"},"KeyO":{"value":"o","withShift":"O","withAltGr":"ø","withShiftAltGr":"Ø"},"KeyP":{"value":"p","withShift":"P","withAltGr":"π","withShiftAltGr":"∏"},"KeyQ":{"value":"q","withShift":"Q","withAltGr":"œ","withShiftAltGr":"Œ"},"KeyR":{"value":"r","withShift":"R","withAltGr":"®","withShiftAltGr":"È"},"KeyS":{"value":"s","withShift":"S","withAltGr":"ß","withShiftAltGr":"ﬁ"},"KeyT":{"value":"t","withShift":"T","withAltGr":"†","withShiftAltGr":"Î"},"KeyU":{"value":"u","withShift":"U","withAltGr":"°","withShiftAltGr":"Ù"},"KeyV":{"value":"v","withShift":"V","withAltGr":"√","withShiftAltGr":"◊"},"KeyW":{"value":"w","withShift":"W","withAltGr":"∑","withShiftAltGr":"Á"},"KeyX":{"value":"x","withShift":"X","withAltGr":"≈","withShiftAltGr":"™"},"KeyY":{"value":"z","withShift":"Z","withAltGr":"Ω","withShiftAltGr":"Í"},"KeyZ":{"value":"y","withShift":"Y","withAltGr":"¥","withShiftAltGr":"Ÿ"},"Digit1":{"value":"1","withShift":"+","withAltGr":"±","withShiftAltGr":"∞"},"Digit2":{"value":"2","withShift":"\"","withAltGr":"“","withShiftAltGr":"”"},"Digit3":{"value":"3","withShift":"*","withAltGr":"#","withShiftAltGr":"‹"},"Digit4":{"value":"4","withShift":"ç","withAltGr":"Ç","withShiftAltGr":"⁄"},"Digit5":{"value":"5","withShift":"%","withAltGr":"[","withShiftAltGr":"["},"Digit6":{"value":"6","withShift":"&","withAltGr":"]","withShiftAltGr":"]"},"Digit7":{"value":"7","withShift":"/","withAltGr":"|","withShiftAltGr":"\\"},"Digit8":{"value":"8","withShift":"(","withAltGr":"{","withShiftAltGr":"Ò"},"Digit9":{"value":"9","withShift":")","withAltGr":"}","withShiftAltGr":"Ô"},"Digit0":{"value":"0","withShift":"=","withAltGr":"≠","withShiftAltGr":"Ú"},"Minus":{"value":"'","withShift":"?","withAltGr":"¿","withShiftAltGr":""},"Equal":{"value":"^","withShift":"`","withAltGr":"´","withShiftAltGr":"^"},"BracketLeft":{"value":"è","withShift":"ü","withAltGr":"§","withShiftAltGr":"ÿ"},"BracketRight":{"value":"¨","withShift":"!","withAltGr":"‘","withShiftAltGr":"’"},"Backslash":{"value":"$","withShift":"£","withAltGr":"¶","withShiftAltGr":"•"},"Semicolon":{"value":"é","withShift":"ö","withAltGr":"¢","withShiftAltGr":"˘"},"Quote":{"value":"à","withShift":"ä","withAltGr":"æ","withShiftAltGr":"Æ"},"Backquote":{"value":"<","withShift":">","withAltGr":"≤","withShiftAltGr":"≥"},"Comma":{"value":",","withShift":";","withAltGr":"«","withShiftAltGr":"»"},"Period":{"value":".","withShift":":","withAltGr":"…","withShiftAltGr":"÷"},"Slash":{"value":"-","withShift":"_","withAltGr":"–","withShiftAltGr":"—"},"IntlBackslash":{"value":"§","withShift":"°","withAltGr":"ﬁ","withShiftAltGr":"‰"}}}