{"info":{"id":"com.apple.keylayout.Hungarian","lang":"hu"},"mapping":{"KeyA":{"value":"a","withShift":"A","withAltGr":"ą","withShiftAltGr":"Ą"},"KeyB":{"value":"b","withShift":"B","withAltGr":"”","withShiftAltGr":"’"},"KeyC":{"value":"c","withShift":"C","withAltGr":"ć","withShiftAltGr":"©"},"KeyD":{"value":"d","withShift":"D","withAltGr":"∂","withShiftAltGr":"Ž"},"KeyE":{"value":"e","withShift":"E","withAltGr":"€","withShiftAltGr":"š"},"KeyF":{"value":"f","withShift":"F","withAltGr":"ń","withShiftAltGr":"ž"},"KeyG":{"value":"g","withShift":"G","withAltGr":"©","withShiftAltGr":"Ū"},"KeyH":{"value":"h","withShift":"H","withAltGr":"ķ","withShiftAltGr":"Õ"},"KeyI":{"value":"i","withShift":"I","withAltGr":"^","withShiftAltGr":"ť"},"KeyJ":{"value":"j","withShift":"J","withAltGr":"∆","withShiftAltGr":"Ô"},"KeyK":{"value":"k","withShift":"K","withAltGr":"Ż","withShiftAltGr":"&"},"KeyL":{"value":"l","withShift":"L","withAltGr":"•","withShiftAltGr":"Ů"},"KeyM":{"value":"m","withShift":"M","withAltGr":"Ķ","withShiftAltGr":"ų"},"KeyN":{"value":"n","withShift":"N","withAltGr":"~","withShiftAltGr":"Ų"},"KeyO":{"value":"o","withShift":"O","withAltGr":"Ņ","withShiftAltGr":"Į"},"KeyP":{"value":"p","withShift":"P","withAltGr":"Ļ","withShiftAltGr":"ł"},"KeyQ":{"value":"q","withShift":"Q","withAltGr":"@","withShiftAltGr":"ļ"},"KeyR":{"value":"r","withShift":"R","withAltGr":"¶","withShiftAltGr":"®"},"KeyS":{"value":"s","withShift":"S","withAltGr":"ß","withShiftAltGr":"ż"},"KeyT":{"value":"t","withShift":"T","withAltGr":"†","withShiftAltGr":"ś"},"KeyU":{"value":"u","withShift":"U","withAltGr":"¨","withShiftAltGr":"†"},"KeyV":{"value":"v","withShift":"V","withAltGr":"„","withShiftAltGr":"‚"},"KeyW":{"value":"w","withShift":"W","withAltGr":"ę","withShiftAltGr":"Ł"},"KeyX":{"value":"x","withShift":"X","withAltGr":"»","withShiftAltGr":">"},"KeyY":{"value":"z","withShift":"Z","withAltGr":"ź","withShiftAltGr":"Ź"},"KeyZ":{"value":"y","withShift":"Y","withAltGr":"«","withShiftAltGr":"<"},"Digit1":{"value":"1","withShift":"'","withAltGr":"&","withShiftAltGr":"ŕ"},"Digit2":{"value":"2","withShift":"\"","withAltGr":"™","withShiftAltGr":"Ř"},"Digit3":{"value":"3","withShift":"+","withAltGr":"£","withShiftAltGr":"#"},"Digit4":{"value":"4","withShift":"!","withAltGr":"$","withShiftAltGr":"$"},"Digit5":{"value":"5","withShift":"%","withAltGr":"‹","withShiftAltGr":"ř"},"Digit6":{"value":"6","withShift":"/","withAltGr":"›","withShiftAltGr":"Ŗ"},"Digit7":{"value":"7","withShift":"=","withAltGr":"{","withShiftAltGr":"ŗ"},"Digit8":{"value":"8","withShift":"(","withAltGr":"[","withShiftAltGr":"™"},"Digit9":{"value":"9","withShift":")","withAltGr":"]","withShiftAltGr":"}"},"Digit0":{"value":"ö","withShift":"Ö","withAltGr":"}","withShiftAltGr":"°"},"Minus":{"value":"ü","withShift":"Ü","withAltGr":"\\","withShiftAltGr":"ī"},"Equal":{"value":"ó","withShift":"Ó","withAltGr":"≠","withShiftAltGr":"Ī"},"BracketLeft":{"value":"ő","withShift":"Ő","withAltGr":"¨","withShiftAltGr":"Ý"},"BracketRight":{"value":"ú","withShift":"Ú","withAltGr":"~","withShiftAltGr":"ý"},"Backslash":{"value":"ű","withShift":"Ű","withAltGr":"`","withShiftAltGr":"Ģ"},"Semicolon":{"value":"é","withShift":"É","withAltGr":"…","withShiftAltGr":"ō"},"Quote":{"value":"á","withShift":"Á","withAltGr":"^","withShiftAltGr":"ˇ"},"Backquote":{"value":"í","withShift":"Í","withAltGr":"|","withShiftAltGr":"Ŕ"},"Comma":{"value":",","withShift":"?","withAltGr":"–","withShiftAltGr":"*"},"Period":{"value":".","withShift":":","withAltGr":";","withShiftAltGr":"÷"},"Slash":{"value":"-","withShift":"_","withAltGr":"–","withShiftAltGr":"—"},"IntlBackslash":{"value":"0","withShift":"§","withAltGr":"¬","withShiftAltGr":"•"}}}