{
  "extends": "../../configs/base.tsconfig",
  "compilerOptions": {
    "composite": true,
    "rootDir": "src",
    "outDir": "lib"
  },
  "include": [
    "src"
  ],
  "references": [
    {
      "path": "../core/compile.tsconfig.json"
    },
    {
      "path": "../editor/compile.tsconfig.json"
    },
    {
      "path": "../filesystem/compile.tsconfig.json"
    },
    {
      "path": "../monaco/compile.tsconfig.json"
    },
    {
      "path": "../workspace/compile.tsconfig.json"
    }
  ]
}
