{
  "extends": "../../configs/base.tsconfig",
  "compilerOptions": {
    "composite": true,
    "rootDir": "src",
    "outDir": "lib"
  },
  "include": [
    "src"
  ],
  "references": [
    {
      "path": "../../packages/core/compile.tsconfig.json"
    },
    {
      "path": "../../packages/output/compile.tsconfig.json"
    },
    {
      "path": "../../packages/vsx-registry/compile.tsconfig.json"
    },
    {
      "path": "../../packages/filesystem/compile.tsconfig.json"
    },
    {
      "path": "../../packages/workspace/compile.tsconfig.json"
    }
  ]
}
