{
    "compilerOptions": {
        "skipLibCheck": true,
        "declaration": true,
        "declarationMap": true,
        "noImplicitAny": true,
        "noEmitOnError": false,
        "noImplicitThis": true,
        "noUnusedLocals": true,
        "strictNullChecks": true,
        "experimentalDecorators": true,
        "emitDecoratorMetadata": true,
        "downlevelIteration": true,
        "resolveJsonModule": true,
        "module": "commonjs",
        "moduleResolution": "node",
        "target": "es5",
        "jsx": "react",
        "lib": [
            "es6",
            "dom"
        ],
        "sourceMap": true
    }
}
