{
  "extends": "./base.tsconfig",
  "include": [],
  "compilerOptions": {
    "composite": true,
    "rootDir": "src",
    "outDir": "lib"
  },
  "references": [
    {
      "path": "../dev-packages/application-manager/compile.tsconfig.json"
    },
    {
      "path": "../dev-packages/application-package/compile.tsconfig.json"
    },
    {
      "path": "../dev-packages/cli/compile.tsconfig.json"
    },
    {
      "path": "../packages/bulk-edit/compile.tsconfig.json"
    },
    {
      "path": "../packages/callhierarchy/compile.tsconfig.json"
    },
    {
      "path": "../packages/console/compile.tsconfig.json"
    },
    {
      "path": "../packages/core/compile.tsconfig.json"
    },
    {
      "path": "../packages/debug/compile.tsconfig.json"
    },
    {
      "path": "../packages/editor-preview/compile.tsconfig.json"
    },
    {
      "path": "../packages/editor/compile.tsconfig.json"
    },
    {
      "path": "../packages/external-terminal/compile.tsconfig.json"
    },
    {
      "path": "../packages/file-search/compile.tsconfig.json"
    },
    {
      "path": "../packages/filesystem/compile.tsconfig.json"
    },
    {
      "path": "../packages/getting-started/compile.tsconfig.json"
    },
    {
      "path": "../packages/git/compile.tsconfig.json"
    },
    {
      "path": "../packages/keymaps/compile.tsconfig.json"
    },
    {
      "path": "../packages/markers/compile.tsconfig.json"
    },
    {
      "path": "../packages/messages/compile.tsconfig.json"
    },
    {
      "path": "../packages/metrics/compile.tsconfig.json"
    },
    {
      "path": "../packages/mini-browser/compile.tsconfig.json"
    },
    {
      "path": "../packages/monaco/compile.tsconfig.json"
    },
    {
      "path": "../packages/navigator/compile.tsconfig.json"
    },
    {
      "path": "../packages/outline-view/compile.tsconfig.json"
    },
    {
      "path": "../packages/output/compile.tsconfig.json"
    },
    {
      "path": "../packages/plugin-dev/compile.tsconfig.json"
    },
    {
      "path": "../packages/plugin-ext-vscode/compile.tsconfig.json"
    },
    {
      "path": "../packages/plugin-ext/compile.tsconfig.json"
    },
    {
      "path": "../packages/plugin-metrics/compile.tsconfig.json"
    },
    {
      "path": "../packages/plugin/compile.tsconfig.json"
    },
    {
      "path": "../packages/preferences/compile.tsconfig.json"
    },
    {
      "path": "../packages/preview/compile.tsconfig.json"
    },
    {
      "path": "../packages/process/compile.tsconfig.json"
    },
    {
      "path": "../packages/scm/compile.tsconfig.json"
    },
    {
      "path": "../packages/scm-extra/compile.tsconfig.json"
    },
    {
      "path": "../packages/search-in-workspace/compile.tsconfig.json"
    },
    {
      "path": "../packages/task/compile.tsconfig.json"
    },
    {
      "path": "../packages/terminal/compile.tsconfig.json"
    },
    {
      "path": "../packages/typehierarchy/compile.tsconfig.json"
    },
    {
      "path": "../packages/userstorage/compile.tsconfig.json"
    },
    {
      "path": "../packages/variable-resolver/compile.tsconfig.json"
    },
    {
      "path": "../packages/workspace/compile.tsconfig.json"
    },
    {
      "path": "../examples/api-samples/compile.tsconfig.json"
    },
    {
      "path": "../examples/electron/compile.tsconfig.json"
    },
    {
      "path": "../packages/vsx-registry/compile.tsconfig.json"
    },
    {
      "path": "../packages/timeline/compile.tsconfig.json"
    },
    {
      "path": "../packages/property-view/compile.tsconfig.json"
    }
  ]
}
